11727,0;11615
11737,0;11615
11731,0;11615
11735,0;11615
11741,0;11609,45291
11763,0;11601
11773,0;11601
11793,0;11601
11805,0;11670,96995
11816,0;11676,96
11789,0;11620,62
11791,0;11676,95999
11777,0;11688,9699
11794,0;11622,24001
11798,0;11676,92998
11790,0;11676,92998
11790,0;11676,92998
11812,0;11676,92998
11865,0;11676,92998
11890,0;11625,21
11910,0;11630
11906,0;11630
11856,0;11699
11927,0;11672,6795
11929,0;11640
11910,0;11727
11880,0;11729,52724
11865,13583939;11730
11880,0;11749
11878,0;11710,00001
11887,0;11710
11890,0;11744,99
11894,0;11680
11896,0;11739
11875,0;11685
11870,0;11739
11855,0;11651
11807,0;11651,01
11839,0;11651,01
11816,0;11651,01
11769,0;11631,001
11791,0;11630
11811,0;11584
11794,0;11584
11790,0;11666
11777,0;11583,99
11744,0;11584,01
11734,0;11584,01
11761,0;11663,99
11785,0;11585,01
11779,0;11584
11770,0;11684
11761,0;11585,7
11770,0;11667
11769,0;11667
11793,0;11666,5555
11800,0;11666,5455
11832,0;11666,5455
11819,0;11699,0667
11781,0;11630,01
11785,0;11700
11808,0;11722
11810,0;11631,2
11807,0;11717,7
11807,0;11716
11805,0;11633,1
11801,0;11635
11802,0;11636
11790,12819982;11636
11802,0;11670,15275
11784,0;11636,2
11802,0;11638,2
11819,0;11709,97
11818,0;11709,969
11830,0;11650
11835,0;11650,01
11857,0;11660,02013
11832,0;11636,00001
11835,0;11636,00001
11830,0;11636,00001
11824,0;11661,721
11821,0;11708,998
11811,0;11640,03001
11810,0;11640,03
11817,0;11640,03
11829,0;11640,02
11832,0;11636,1502
11820,0;11636,16
11808,0;11636,16
11796,0;11657,16
11788,71650913;11657,86157
11781,0;11636,16
11792,0;11652,84481
11786,0;11650
11768,0;11650
11755,0;11636,17001
11755,0;11610,12001
11772,14785394;11610,14001
11780,0;11584,00002
11779,0;11584
11775,0;11590
11776,0;11590,11
11772,0;11584,01
11760,0;11649,97999
11760,0;11630,12001
11756,0;11624,902
11740,0;11586
11744,0;11584,02013
11738,89219605;11643,99999
11734,0;11584,01013
11765,0;11584
11777,0;11584
11796,0;11585
11779,0;11629,98
11775,0;11630
11781,0;11606,8
11792,0;11586,46
11796,0;11586,47
11799,0;11586
11813,0;11586,01
11818,0;11586,01
11815,0;11586
11803,0;11586
11788,0;11586,00013
11793,0;11586,00013
11789,0;11586,00013
11778,0;11586
11794,0;11584
11775,0;11584
11780,0;11584
11779,0;11600
11779,0;11583,99
11778,0;11555,00001
11776,0;11599,98
11773,0;11557,02
11773,0;11599,96
11775,0;11600
11778,0;11555
11773,0;11590
11776,0;11589,99
11775,0;11589,99
11774,0;11589,97
11773,0;11555,08013
11772,0;11589,95
11781,0;11589,98
11810,0;11590
11845,0;11590
11848,0;11555,5
11828,0;11590
11847,0;11555,52
11833,0;11589,96
11810,0;11555,53013
11803,0;11556,02
11808,0;11589,92
11810,0;11500
11816,0;11589,88
11814,0;11576,90017
11813,0;11576,90017
11816,0;11569,98
11811,0;11569,98
11792,0;11520,9852
11754,0;11528,74
11734,0;11503,02
11675,0;11504,02
11595,0;11505
11604,0;11567,99
11647,0;11562,5
11676,0;11445,00001
11683,0;11520,64029
11660,0;11520,64029
11636,0;11520,64029
11669,0;11520,64029
11680,15257873;11570
11692,0;11520,63028
11702,0;11600
11683,0;11600
11654,0;11600
11669,74087882;11599,99
11672,0;11521,02
11691,0;11630
11672,0;11640
11670,0;11611
11678,0;11525,12
11696,0;11525,12
11696,0;11520,99
11694,0;11500
11690,0;11520,99
11690,0;11600
11693,0;11500,1
11691,74742636;11598,97999
11691,0;11479,4098
11677,0;11479,4098
11659,0;11559
11541,0;11449,99
11495,0;11447,00021
11539,0;11447,00021
11563,0;11400
11578,0;11400,01
11583,0;11439,98
11581,0;11499,99
11593,0;11499,99
11602,0;11499,98999
11621,14348989;11499,99
11654,0;11459,56104
11597,0;11520
11618,0;11435
11611,0;11450
11627,0;11450,02001
11600,0;11451
11584,0;11451
11586,0;11425,01
11580,0;11411,1
11568,0;11411,11
11596,0;11411,2
11593,0;11419,408
11599,0;11460
11608,0;11459,98
11611,0;11459,98
11600,0;11412
11594,0;11480
11593,96312215;11413
11597,0;11413
11595,97210585;11415,01
11589,70880372;11478,96
11586,0;11478,96
11574,0;11418
11582,0;11419,01
11607,0;11475,97
11651,0;11475,97
11659,0;11454,77
11667,0;11450,01
11685,0;11456
11685,0;11456
11682,0;11455
11684,0;11455
11705,0;11422,00009
11725,0;11517,99
11728,0;11423,01
11738,0;11422,00009
11740,73710794;11469,53
11723,0;11517,99
11711,04469421;11420
11700,04529859;11420,01
11707,0;11425
11700,0;11419
11700,0;11515,97
11700,0;11500
11696,0;11500
11702,0;11433,33333
11686,0;11555
11676,0;11499,42
11680,0;11437,79777
11694,0;11435
11691,0;11599,96
11687,0;11529,99
11691,0;11470,12
11688,0;11470,12
11692,0;11470,12
11698,0;11500,03
11697,0;11435,6
11703,0;11489,85856
11698,0;11560
11702,0;11558,99
11700,0;11559
11700,0;11555
11700,0;11555
11696,0;11555
11695,0;11552,98997
11686,0;11552,98997
11661,0;11552,98997
11651,17383875;11465,15001
11640,0;11549,96
11634,0;11548
11615,0;11440
11620,0;11485,8574
11618,0;11498,98999
11585,0;11498,99
11617,0;11496,99
11636,0;11490
11663,0;11440,03
11682,0;11440,1
11662,0;11529,2
11676,0;11488,97999
11680,0;11528,7
11674,0;11430,00001
11677,0;11499,98
11698,0;11499,96
11688,0;11527,89999
11672,0;11499,99
11672,0;11499,99
11670,0;11551,99999
11655,0;11499,98012
11656,0;11551,6
11655,0;11499,98012
11651,0;11499,98012
11655,0;11499,98012
11652,0;11521,96851
11654,0;11499,99024
11675,0;11540,9
11664,0;11540,8
11669,0;11540
11659,0;11540,4
11657,0;11540,4
11668,0;11540,4
11654,0;11539,8
11661,0;11539,69
11660,0;11558,99
11656,0;11548,03
11657,0;11557,97
11655,0;11557,97
11659,0;11579,96
11656,0;11579,93999
11634,0;11579,96
11630,0;11579,95
11659,0;11579,97999
11658,0;11525
11671,0;11589,98
11676,0;11589,96
11681,0;11559,048
11672,0;11589,93999
11676,0;11589,93999
11686,0;11570
11688,0;11569,98
11682,0;11567,99
11687,0;11567,99
11686,0;11567,99
11688,0;11567,96
11683,0;11566,99
11683,0;11530,18
11688,0;11554,72084
11684,0;11554,72084
11682,0;11589,96
11683,0;11584,99
11688,0;11585
11690,0;11589,94
11698,0;11543,43
11711,0;11543,43
11713,0;11550
11715,0;11589,89999
11717,0;11560
11715,0;11590
11715,0;11598,99999
11712,0;11591
11716,0;11591
11725,0;11591,02
11714,0;11600
11710,0;11600
11714,0;11638,89
11724,0;11638,88
11715,0;11638,88
11696,0;11650,1
11688,0;11651,2
11682,0;11652,1
11682,0;11652,1
11697,0;11653,02
11696,0;11670
11689,0;11700
11683,0;11700
11684,0;11699,99
11702,0;11698,97
11719,0;11654,1
11735,0;11654,1
11723,0;11698,91
11732,0;11698,91
11740,0;11698,91
11763,0;11645,61278
11741,0;11697,559
11750,0;11697,549
11733,0;11572,22
11735,0;11696,95
11724,0;11574,2
11716,0;11696,94
11720,0;11650
11717,0;11650,01
11721,0;11650,01
11720,0;11650
11718,0;11665,352
11739,0;11589,72
11739,0;11688,9
11735,0;11687,99
11732,0;11686,99
11721,0;11567,5
11715,0;11567,5
11676,0;11674
11655,0;11645
11676,0;11640
11689,0;11605,08
11690,0;11570,01
11690,0;11600
11690,0;11667,99999
11699,0;11603,35
11710,0;11600
11698,0;11663,98
11706,0;11663,98
11714,0;11661
11720,0;11668,04
11719,0;11663,99
11705,0;11663,99
11710,0;11611,03
11716,11506472;11660
11701,81587848;11659,98999
11717,0;11654,99
11717,0;11655
11697,0;11654
11716,0;11611,35
11715,0;11652,88
11702,0;11652,7
11706,0;11652,6
11700,0;11652,5
11718,0;11652,58
11748,96774056;11652,58
11758,0;11652,58
11747,0;11652,58
11757,0;11658
11742,0;11658
11750,0;11658
11750,0;11658
11750,0;11665
11750,0;11665
11767,0;11658,06
11759,0;11665
11757,0;11668,04001
11776,0;11668,04001
11781,0;11653
11787,0;11668,04014
11792,0;11670
11774,0;11679,9
11760,0;11653
11760,0;11653
11743,0;11653
11750,0;11685
11745,0;11685
11754,0;11685
11750,0;11665,99
11745,0;11665,99
11734,0;11653
11742,0;11653
11741,0;11653
11740,0;11653
11733,0;11686
11735,0;11650,1
11731,0;11653,01
11734,0;11684,96
11736,0;11670,96
11728,0;11685,99
11714,0;11655,04
11716,0;11670
11714,0;11670
11691,0;11670
11683,93252301;11670
11699,0;11670
11691,0;11670
11705,0;11670
11719,0;11670
11718,0;11670
11724,0;11653
11721,0;11653
11699,0;11653,01
11713,0;11653,01
11716,0;11650,1
11712,0;11699,06
11711,0;11650,1
11716,0;11650
11710,0;11650
11711,0;11650,11
11714,0;11650,11
11705,0;11670,1
11703,0;11670,1
11703,0;11670,1
11702,0;11658,22
11679,43815693;11670,1
11691,0;11670,11
11683,0;11670,1
11700,0;11698,9398
11703,0;11699,04
11701,0;11620,01
11694,0;11620,01
11704,0;11670
11709,0;11670
11713,0;11698,04
11711,0;11698,04
11704,0;11698
11703,0;11698
11698,0;11698,04
11682,0;11670
11697,0;11697
11709,83426434;11696,99
11715,0;11698,04
11717,0;11670
11728,0;11670
11717,0;11677,4754
11724,0;11621,06
11725,0;11621,1
11728,0;11621,11
11730,0;11621,11
11733,0;11621,11
11734,0;11621,11
11727,0;11621,11
11730,0;11621,24
11728,0;11674,98
11730,0;11674,98
11734,0;11698
11730,0;11625,01001
11729,0;11630,01
11730,0;11666,52
11722,0;11683,77
11719,0;11660,198
11719,0;11660,198
11716,0;11660,198
11703,0;11625
11705,0;11625,198
11713,0;11625,198
11720,0;11622,00002
11721,0;11622,00002
11722,0;11622,00002
11722,0;11660,168
11715,0;11642,4699
11726,0;11642,4699
11741,0;11657
11735,0;11657
11737,0;11657
11739,0;11657
11739,0;11657
11737,0;11622,0002
11733,0;11622,00021
11705,0;11622,00021
11711,0;11653,33
11728,0;11641,8
11721,0;11653,32
11702,0;11622,0002
11684,0;11653,32
11690,0;11653,32
11689,0;11653,32
11689,0;11653,32
11635,0;11653,32
11622,0;11653,32
11634,0;11653,32
11634,0;11653,32
11633,0;11622,00013
11638,0;11622,00013
11640,0;11698,98
11649,0;11698,98
11666,0;11698,98
11639,0;11698,93998
11662,0;11698,93998
11670,0;11698,94011
11660,0;11698,94011
11654,0;11699,34
11650,0;11653,33
11650,0;11653,33
11666,90124104;11653,36
11659,0;11653,36
11655,0;11653,36
11669,0;11653,52
11673,0;11653,52
11671,0;11697,98
11670,0;11697,98
11670,0;11697,98
11656,0;11697,98
11651,0;11677,783
11669,0;11677,783
11675,0;11654,13
11686,0;11630,95998
11688,0;11601,01
11690,0;11601,02
11681,0;11601,02
11675,0;11601,02
11664,0;11601,02
11650,0;11697,78
11669,0;11697,78
11678,0;11697,78
11675,0;11697,78
11671,86869828;11697,78
11665,0;11697,78
11667,0;11697,54
11659,0;11697,54
11650,0;11697,54
11665,0;11697,54
11671,0;11697,54
11662,0;11697,54
11650,0;11697,54
11655,0;11697,54
11667,0;11697,54
11670,0;11697,36
11649,0;11697,3
11641,0;11697,3
11646,0;11696,28
11666,0;11631,05001
11672,0;11631,05001
11672,0;11631,05001
11675,0;11696,22
11674,0;11696,22
11665,0;11696,28
11653,0;11696,27
11666,0;11696,27
11661,0;11666,23506
11662,0;11650
11675,0;11650
11653,0;11650
11653,0;11670
11650,0;11670
11642,0;11679
11647,0;11679
11648,0;11679
11646,0;11633,12
11643,0;11633,12
11597,0;11666,9
11612,0;11670
11615,0;11670
11607,0;11670
11605,0;11670
11615,0;11666,81
11613,0;11633,24
11602,0;11633,24
11586,0;11665,99
11571,0;11665,98
11583,0;11645,20875
11595,0;11645,20875
11599,0;11633,34
11599,0;11633,34
11590,0;11640,28188
11610,0;11646,75244
11622,0;11646,75244
11647,0;11635,0825
11638,0;11635,0825
11635,0;11635,0825
11639,0;11635,0825
11637,0;11664,98
11639,0;11666
11639,0;11666
11645,0;11665,4307
11655,0;11665,316
11652,0;11664,9
11665,0;11664,9
11670,0;11664,9
11669,0;11664,9
11650,0;11664,9
11650,0;11666,7
11673,0;11666,7
11666,0;11666,7
11675,0;11666,7
11680,0;11664,9
11690,0;11664,9
11702,0;11664,9
11708,0;11700,00001
11711,0;11700,00001
11717,0;11664,94001
11715,0;11664,94001
11736,0;11664,94001
11739,0;11666,9
11737,0;11666,9
11731,0;11690
11734,0;11700
11732,0;11700
11737,0;11700
11801,0;11700
11790,0;11705,01
11809,0;11705,01
11801,0;11664,94003
11790,0;11704,94999
11774,0;11664,95003
11762,0;11664,95003
11790,7328537;11717
11786,0;11717
11791,0;11717
11786,0;11717
11781,0;11792,92787
11781,0;11795
11777,0;11717
11798,0;11794,97
11780,0;11794,95999
11800,0;11794,95999
11834,0;11820,00001
11800,0;11822,59175
11837,0;11820,00003
11809,0;11820,00003
11807,0;11775,19001
11808,0;11770,02
11801,0;11747,3715
11783,0;11747,3715
11812,0;11721
11829,0;11770
11833,0;11770
11825,0;11770
11819,0;11770
11831,0;11770
11831,0;11770
11835,0;11819
11848,0;11726,85007
11855,0;11664,93
11837,0;11664,91001
11840,0;11601
11844,0;11800
11802,0;11601,02
11815,0;11818
11795,0;11603
11793,0;11623,92306
11798,89367631;11817,96
11800,0;11817,96
11812,0;11817,96
11785,0;11817,98
11787,0;11623,96
11790,0;11623,96
11782,0;11623,96
11786,0;11726,85007
11797,0;11726,85007
11786,0;11786,9
11784,0;11786,9
11774,0;11786,9
11768,0;11786
11776,0;11748,879
11777,0;11748,879
11780,0;11748,879
11789,0;11784,98
11791,0;11784,98
11793,0;11784,89
11792,0;11771
11812,0;11763,66719
11826,0;11763,66719
11837,0;11763,66719
11836,0;11784,9
11814,0;11770,45
11808,0;11746,9
11803,0;11746,9
11807,0;11746,9
11820,0;11784,9
11816,0;11784,9
11811,0;11726,89
11812,0;11726,88
11820,0;11726,88
11835,0;11726,88
11833,0;11750,715
11841,0;11750,715
11852,0;11750,715
11866,0;11784,8
11882,0;11784,8
11843,0;11750,02
11860,39552787;11784,78
11893,0;11784,78
11908,0;11784,78
11939,0;11784,78
11933,0;11784,78
11933,0;11784,78
11903,0;11784,78
11916,0;11784,8
11927,0;11784,8
11905,0;11870
11933,0;11819,74981
11942,0;11930,00001
11952,0;11908,52601
11981,0;11908,52601
11994,0;11908,52601
11979,0;11978
11975,0;11978,00001
11993,0;11978,00001
11989,0;11978,00001
11986,0;11980
11996,0;11980
12053,0;11979,04613
12063,0;11979,04613
12033,0;11980
12039,0;11978,08
12050,0;11978,08
12073,0;11978,08001
12092,0;11978,06
12087,0;11980
12064,0;11990
12040,0;11998,98
12060,0;11980
12074,0;11999
12073,0;12036,6012
12109,0;12050,01001
12141,0;11980
12117,0;11980
12085,0;11980
12124,0;11990
12140,0;12099,98
12120,0;12090
12118,0;12043,91563
12104,0;12100
12112,0;12031,63093
12118,0;12100
12123,0;12100
12093,0;12100
12096,0;12099,99
12098,0;12100,03
12097,0;12150
12124,0;12100,02
12151,0;12100,02
12162,0;12099,999
12156,0;12100,02
12140,0;12100,02
12144,0;12100,02
12157,0;12100,02
12176,0;12100,02
12198,0;12100,02
12204,0;12011,62092
12207,15837708;12100,02
12209,0;12099,99
12185,0;12157,747
12180,0;12195
12200,0;11980
12220,0;11980
12209,0;11980
12152,0;12157,23498
12106,0;12179,15746
12109,0;12164,53932
12175,0;12194,95999
12159,0;12194,95999
12129,0;12100,12
12127,0;12100,12
12136,0;12193,98
12140,0;12180,08001
12151,53681201;12180,08001
12172,0;12140,877
12168,0;12147,6285
12151,0;12180,07001
12159,0;12180,06001
12182,0;12180,06001
12211,0;12179,16001
12216,0;12179,16001
12220,0;12179,16001
12195,0;12179,16001
12199,0;12179,16001
12194,0;12179,12999
12195,0;12179,12
12168,0;12179,12
12181,0;12179,12
12184,0;12179,12
12179,0;12179,12
12192,0;12179,16
12187,0;12179,16001
12199,0;12179,16001
12214,0;12179,16001
12216,0;12179,16001
12223,0;12157,741
12221,0;12179,16
12251,0;12179,18
12265,0;12160,07001
12247,0;12130,16002
12262,0;12160,07
12266,0;12179,18
12270,0;12179,18
12269,0;12130,18
12278,0;12130,19
12262,0;12170,2
12226,0;12144,86302
12228,0;12170,2
12219,0;12170,2
12219,0;12170,2
12221,0;12170,2
12237,0;12170,17
12240,0;12149,60819
12236,0;12203,99913
12237,0;12221,02002
12233,0;12244,98
12231,0;12244,98
12209,0;12244,98
12201,0;12179,18002
12155,0;12130,26
12114,0;12242
12157,0;12241,99
12185,0;12241,98
12180,0;12244,94
12155,0;12244,94
12185,0;12200,98
12190,0;12200,98
12192,0;12200,98
12195,0;12200,98
12211,0;12200,98
12205,0;12200,98
12202,0;12200,96
12208,0;12230,327
12209,0;12244,93999
12215,0;12222,96132
12217,0;12244,92
12200,0;12244,92
12203,0;12244,89
12202,0;12200
12220,0;12200
12220,0;12244,9
12229,0;12250
12195,0;12250
12210,0;12250
12208,0;12210,07
12208,0;12210,03
12203,0;12255,16002
12190,0;12250
12188,0;12298,93
12182,0;12298,93
12188,0;12298,93
12188,0;12298,94
12175,0;12298,94
12179,0;12266,86308
12163,0;12257,821
12158,0;12295,93
12175,0;12215,04
12165,0;12215,04
12167,0;12295,93
12149,0;12295,93
12194,0;12295,93
12182,0;12215,16
12200,0;12215,16
12194,0;12215,16
12192,0;12255,97
12196,0;12290,05
12192,0;12290,05
12200,0;12297,98
12212,0;12275,4982
12200,0;12275,4982
12193,24444992;12288,20719
12176,6646692;12300
12160,0;12215,14
12157,0;12215,14
12153,0;12215,14
12159,0;12215,14
12145,0;12215,14
12133,0;12215,14
12143,0;12296
12141,0;12296
12143,0;12247,98072
12151,0;12247,98072
12133,0;12215,14
12129,0;12215,14
12135,0;12215,14
12127,0;12280
12149,42645801;12280
12137,0;12276,99
12140,0;12276,99
12140,0;12215,18
12139,9522976;12215,18
12141,0;12250,04108
12143,0;12270,17999
12142,0;12215,23014
12155,0;12215,23014
12150,0;12270,17998
12149,0;12215,24015
12143,0;12215,24015
12143,0;12215,24015
12147,0;12215,24015
12146,0;12215,24015
12147,0;12215,24015
12151,0;12215,24015
12152,0;12200,02
12152,0;12215,24015
12156,0;12215,24015
12158,0;12215,24015
12158,0;12215,24015
12160,0;12215,24015
12134,0;12215,24015
12134,0;12265
12154,0;12260,23014
12160,0;12200,02
12172,0;12200
12183,0;12200
12185,0;12200,02
12206,0;12269,95
12217,0;12269,95
12224,0;12269,95
12238,0;12269,95
12213,0;12269,92
12235,0;12269,92
12229,95682151;12269,92
12240,0;12269,92
12245,0;12210,09004
12249,0;12210,08
12270,0;12210,08
12283,0;12310,1
12285,0;12344,98998
12258,0;12310,15
12259,0;12344,98998
12277,0;12344,97998
12298,0;12344,95998
12332,0;12344,95998
12336,0;12369
12330,0;12369,00002
12342,0;12399
12341,0;12400,06
12350,0;12400,1
12342,0;12427,59
12341,0;12427,59
12331,0;12370,02
12343,0;12370,03
12330,0;12399,98
12335,0;12486,97
12337,0;12487,8
12337,0;12487,8
12349,0;12449,99
12367,0;12420,1
12378,0;12490
12381,0;12421,11
12375,0;12489,95
12385,0;12450
12399,0;12489,88
12396,0;12489,88
12360,0;12451,1
12354,0;12451,1
12349,0;12479,99
12344,0;12462,47109
12360,0;12480
12360,0;12455
12359,0;12488,85
12353,0;12456,03
12352,0;12456,03
12335,0;12488,85
12336,0;12487
12325,0;12486,97
12339,0;12470
12346,0;12470
12351,0;12469,99
12346,0;12486,98
12358,0;12489,95
12368,0;12489,95
12372,0;12489,85
12381,0;12481,3652
12399,0;12481,3652
12398,0;12481,3652
12400,0;12489,95
12392,0;12474,7345
12403,0;12499,99
12425,0;12495
12430,0;12499,99
12448,0;12500,1
12443,0;12539,04
12448,0;12500,11
12456,0;12495,02
12462,0;12538,98
12450,0;12539
12448,0;12517,7533
12417,0;12500
12344,0;12588,9247
12370,0;12519,95
12390,0;12490
12398,0;12421,01
12378,0;12455,01
12373,0;12550
12379,0;12550,01
12407,0;12550,02
12434,0;12567,13
12441,0;12550,01
12462,0;12584,99
12455,0;12673,04
12466,0;12550,07
12450,0;12550,06001
12454,0;12648,95998
12426,0;12648,96999
12420,0;12585,02001
12405,0;12585,04001
12396,0;12585,04001
12400,0;12600
12400,0;12637
12406,0;12600
12422,0;12600
12397,0;12640,9
12380,0;12600,04
12375,0;12590
12357,0;12600,05
12357,0;12560
12363,0;12560
12387,0;12551,05
12395,0;12550,08
12375,0;12555,02
12372,0;12600,04
12370,0;12618,99
12369,0;12618,99
12365,0;12618,99
12380,0;12607,99
12390,0;12555,15001
12400,0;12555,17001
12380,0;12500
12380,0;12500
12376,0;12499,99
12379,0;12500
12453,0;
12458,0;
12468,0;
;
12468,0;
12463,0;
12427,0;
;12483,71527
;12483,71527
12447,0;12500
12435,0;12461,01
12440,0;12500
12444,0;12462
12441,0;12462
12432,0;12499,97
12425,0;12544,7
;12544,7
12426,0;12549,99
12433,0;12549,97
;12500,00014
;12550,14
12369,0;12500,00014
12386,0;12500,01014
;12539,98014
12369,0;12500,1
12382,0;12500,1
;12588,95
12390,0;12500,15001
12400,0;12588,91
12404,0;12500,02
12417,0;12588,86
12433,0;12588,86
12435,0;12589
12440,0;12589
12467,0;12629,97
12484,0;12629,97
12469,0;12680
12485,0;12686
;12686
12457,0;12680,7777
12466,0;12635,01
;12635,04
;12635,04
12475,0;12636,04
12476,0;12636,04
;12680
12477,0;12680,01
;12690
12484,0;12671,8421
;12671,8421
12497,0;12685
12488,0;12685
12493,0;12685
12493,0;12685
12491,0;12660,1
;12680
12497,0;12680
12496,0;12685,1
12500,0;12680
;12680
12499,0;12680
12500,0;12680
;12680
12451,0;12666,12
12444,0;12700
12455,0;12700
12471,0;12700,02
12470,0;12708,537
12467,0;12700
12470,0;12670
12482,0;12700
12500,0;12700
;12697
12517,0;12666
12520,0;12699
;12699
12527,0;12667
12517,0;12697
;12677
12521,0;12670
;12669,03533
12471,0;12685,55513
12496,0;12667,02
12517,0;12650,97
12500,0;12697
12512,0;12696,97
12511,0;12696,97
12533,0;12719
12525,0;12719
12493,0;12745,4
;12697,01
;12747,01
;12747,97
12550,0;12696,98
12557,0;12748
12572,0;12748
12577,0;12748
12574,0;12700,01
12585,0;12697,35
12586,0;12697,4
12596,0;12700,05
12620,0;12700,0005
12609,0;12788,94
12599,0;12787,99
12609,0;12730,0005
12632,0;12730,0005
;12730,0005
;12787,96
12673,0;12750
12680,0;12800,1
12694,0;12825
12699,0;12890,50633
12659,0;12820
12653,0;12800
12666,0;12800
12669,0;12800
;12890,50631
;12800
12685,0;12850
;12890
12673,0;12850,04001
12674,0;12890
12679,0;12889,99
12689,0;12850,08
12704,0;12800,37
12724,0;12860
12739,0;12889,99
12746,0;12990
12750,0;12981,17574
;12957,80962
12785,0;12957,81962
12792,0;12960
12800,0;12900,1
12810,0;12937,95231
;12937,95231
12810,0;12996,96
;12996,97
12800,0;12938,24
12454,0;13015,8
12317,0;12950
12302,0;12938,24
12361,0;12890,1
12392,0;12801
12493,0;12897,5
12500,0;12850,1
12585,0;12850,1
12610,0;12850
12578,0;12839
;12790
;12838
12500,0;12837,02
12548,0;12777,23
12548,0;12730
12517,0;12731,1
12550,0;12832
;12831,98
12545,0;12733
;12733
12587,28028426;12799
12590,0;12799
12596,73995944;12741,1
12611,0;12762,8619
12628,0;12746
12635,0;12794,985
12639,0;12794,985
12638,0;12794,985
12664,0;12824,99
;12829,97
12665,0;12837,02
12665,0;12829,97
12641,67341654;12838
12640,0;12830
12650,0;12812,04
12652,0;12850,1
12649,0;12898,9
;12826,0002
12661,0;12826,0002
12650,0;12849,4
12639,0;12848,6
12642,0;12848,6
12600,0;12826,11002
12497,0;12847,6
12551,0;12811,02
12562,0;12835
12556,0;12811,03
12574,0;12811
12589,0;12837
12575,0;12811,02001
12589,0;12847,5
12590,0;12811,02001
12580,0;12811,02001
12585,0;12811,03001
;12811,03001
12570,0;12848,77
;12848,71
12583,0;12811,80004
12593,0;12893,9
12611,0;12897,98
12620,0;12875
12637,0;12897,97
12635,0;12898
12631,0;12850,02005
12645,90750273;12898
12647,08870089;12852,03005
12648,0;12852,03005
12647,0;12971,97
;12853,02003
12652,0;12854,00002
12633,0;12949,99
12632,0;12855,02
12632,0;12895,02
12614,0;12925
;12925
12615,0;12925
12615,0;12910,96
12626,0;12870,02
;12870,02
12635,0;12910,91
12602,0;12962,8
12600,0;12960
;12960
12645,0;12900
12660,0;12900
12678,0;12881,2403
12681,0;12922,909
12670,0;12960
12649,0;12959,99
;12959
12648,26989905;12925
12631,0;12958,99
12637,0;12925,02
12649,0;12950
12651,0;12881,5
12659,0;12950
;12881,5
12652,0;12948,99
;12882
12670,0;12882
12675,0;12928,879
12671,0;12928,879
12685,0;12928,9
12697,0;12945
12685,0;12928,9
12721,0;12928,9
12675,0;12900
12692,0;12900
12718,0;12945,999
12721,0;12917,41544
;12955,9498
12734,0;12955,9598
12733,0;12960
12722,0;12930
12727,0;12960
12714,0;12960
12720,0;12960
;12960
;12960
12640,0;12959
12648,0;12959
12647,0;12965
12650,0;12960
12650,0;12960
;12954,95
12663,0;12951
12654,0;12951
12649,0;12950,99999
12658,0;12941
12658,0;12972
12626,0;12955
12615,0;12972
12595,0;12972,99
12545,0;12973
12500,0;12801
12524,0;12800,99999
12538,0;12800,00002
12557,0;12850,1
12560,0;12884,73357
12565,0;12884,73357
12561,0;12960
12560,0;12960
12565,0;12850
12563,0;12954,9
12565,0;12954,9
12570,0;12954,9
12599,0;12949
12598,0;12949
12590,0;12903,93
12587,0;12948,97999
12590,0;12939,98
12590,0;12939,98
12611,0;12880,21
12622,0;12881
12625,0;12885
12620,0;12900
12621,0;12970,26
12624,0;12968
12625,0;12970,3
12626,0;12970,3
12650,0;12915
12656,0;12915,03001
12668,0;12917,02
12670,0;12930
12689,0;12970,3
12689,0;12930
12700,0;12930,02
12711,0;12970,3
12703,0;12935,00009
12686,0;12970,3
12670,0;12976,97999
12658,0;12978,9
12670,0;12943,04
12668,0;12943,05
12672,0;12978,89
12674,0;12979,99
12679,0;12980
12700,0;13000
12708,0;12998
;12980
;13000,91
12716,0;12996,0579
12718,0;12986,00001
12711,0;13029
12717,0;13029,96999
;13029
12711,0;13050
;13049
12719,0;13030
12728,0;13000,00001
12720,0;13048
12728,0;13048
12728,0;13078,98
12718,0;13048
12718,0;13037
12728,0;13079
12737,0;13076
12741,0;13023,08002
12742,0;13023,06
12735,0;13002
12720,0;13002
12741,0;13023,06
12719,0;13023,06001
12704,0;13023,06
12692,0;13023,06001
12608,93072584;13043,74
12623,0;13023,16001
12613,0;13023,16001
12619,0;13023,06
12627,0;13023,06
12637,0;13023,06
12620,0;13045,95
;13045,94
12622,0;13023,06
12625,0;13023,06
12624,0;13023,07
;12900
12630,0;12900
12628,0;12905
;12905
12624,0;13014,99
;13013,99
;12906
;12906,01001
12618,0;12906
12639,0;13010
12642,94071027;13008,78
12644,0;13007,76
12645,0;13008,65
;12999,99
12647,0;13007
12649,0;12922
12626,0;13000
12611,0;13000
12624,0;13000
12626,0;13000
12619,0;12998,98
12619,0;12970
12500,0;12960
12442,0;12960
12464,85451183;12887,90317
12465,0;12885
12482,0;12886,01
12498,0;12799,99999
;12865,3
12496,0;12860,11
12480,0;12799,99998
12447,16382987;12799,99998
12437,0;12799,99998
12416,0;12750,88889
12395,0;12790
;12700
12351,0;12740,5
;12650
12306,0;12635,99999
12332,0;12682,192
12332,0;12698,99
12333,0;12698,98
12295,0;12750,86
;12750,86
12223,0;12529,99999
12230,0;12740
12320,0;12600,9899
12355,0;12521
12355,0;12720
12375,0;12715
12377,0;12556,00001
12374,0;12700
12359,0;12740
12374,0;12738,99
12385,0;12739
;12739
12402,0;12739
;12730,1
12420,0;12703,04
12422,0;12724,08592
12408,0;12739
12399,0;12739,99
12394,0;12739
12398,0;12799,88
12385,0;12706,01
12390,0;12789
12392,0;12799,99
12391,0;12897
12374,0;12888
12359,0;12897,98
12381,0;12777
12380,0;12888
12355,0;12887,98
12373,0;12886,98998
12389,0;12706
12382,0;12698,81097
12396,0;12869
12399,0;12868
12399,0;12868
12398,0;12866,03
12399,0;12800,01
12399,0;12800,01001
12399,0;12864,94999
12420,0;12705
;12801
12417,0;12799,08001
12416,0;12799,06001
12421,0;12799,06001
12421,0;12776,0117
12441,0;12776,0117
12439,0;12776,0017
12438,0;12800
12434,0;12799,99
12432,0;12810,29496
12467,0;12818,98
12477,0;12810,29496
12485,0;12810,27496
12487,0;12810,29496
12487,0;12810,29496
12489,0;12809,99
12496,0;12810
12526,0;12810
12554,0;12833,39507
12550,0;12844,816
12501,0;12850
12476,0;12833,42
12484,0;12833,42
12484,0;12833,42
12457,0;12833,39
12490,0;12833,42
12502,0;12833,41
12505,0;12810
12543,0;12880,1
12527,0;12779,51
12550,0;12780,03
12554,0;12840,1
12554,0;12840,09
12553,0;12801
12555,0;12801
12577,0;12804,0001
12589,0;12804,0101
12558,0;12830,1
12550,0;12830,1
12562,0;12830,1
12571,0;12829,3467
12573,0;12821,02
12570,0;12822,03001
12535,0;12822,1
12542,0;12822,1
12558,02543684;12850,1
12563,0;12821,06
12577,0;12870,1
12579,0;12870,1
12579,0;12850
12578,0;12850,02
12579,0;12850,1
12580,0;12860
12590,0;12805,01011
12589,0;12800,01
12590,0;12859,96998
12603,0;12880,1
12600,0;12780,03
12581,0;12780,03
12563,0;12878,98
12556,0;12878,98
12530,0;12851,15692
12542,0;12878,93
12545,0;12801
12552,0;12803,02001
12535,0;12833,051
12570,0;12832,04
12584,0;12820,5
12603,0;12859,52
12591,0;12859,52
12596,0;12859,52
12580,0;12880,1
12594,0;12880,1
12594,0;12880,08
12591,0;12877,77777
12592,0;12880,1
12590,0;12855,21726
12591,0;12859,52
12570,0;12859,52
12582,0;12890
12586,0;12899,99
12601,0;12899,99
12605,0;12835
12604,0;12835
12614,0;12726,29496
12617,0;12889,97
12628,0;12890
12640,0;12822,658
12637,0;12822,658
12650,0;12885
12638,0;12805
12636,0;12820,1
12640,0;12882,98
12650,0;12881
12653,0;12880,99
12651,0;12881
12650,0;12881
12631,0;12857,658
12630,0;12881
12626,0;12881
12627,0;12880,97998
12616,0;12881
12616,0;12881
12625,0;12881
12630,0;12881
12640,0;12879,94
12647,0;12879,94
12652,0;12836,01
12655,0;12853,1064
12655,0;12836,03
12655,0;12879,99
12669,0;12881
12677,0;12881
12673,0;12881
12675,0;12838,05009
12680,0;12838,06009
12680,0;12838,06009
12741,0;12838,06009
12748,0;12860,60143
12749,0;12885
12761,0;12885
12767,0;12885
12749,0;12910,30546
12779,0;12911,0673
12795,0;12908,23482
12797,0;12908,23482
12799,0;12948,01999
12764,0;12911
12797,0;12960
12779,0;12960
12780,0;12979
12804,0;12999,98
12813,0;12999,98
12833,0;12979
12841,0;12989,22
12859,0;13010
12871,0;13045,96
12865,0;13075
12873,0;13100
12898,0;13100
12861,0;13132,02597
12851,0;13132,02597
12818,0;13132,02596
12822,0;13100,00005
12846,0;13100,00005
12832,0;13150
12852,0;13150
12865,0;13120,9
12881,0;13184,9
12897,0;13184,95001
12898,0;13160,1
12897,0;13199
12908,0;13199
12911,0;13199
12912,0;13200
12885,0;13200
12841,0;13171,04
12875,0;13180
12905,0;13180
12882,0;13200
12895,0;13222,99
12907,0;13222,99
12914,0;13249
12918,0;13245
12936,0;13204,11
12920,0;13249
12901,0;13249
12927,82485659;13249
12916,0;13205,21
12915,0;13225,988
12929,0;13225,988
12939,0;13225,988
12945,0;13271,99
12949,0;13272
12940,0;13300
12961,0;13300
12960,0;13272,00001
12943,0;13273
12970,0;13273,7
12995,0;13300
12999,0;13275,65
13028,0;13302,48
13019,0;13281,01
12932,0;13281,01
12825,0;13397,98
12835,0;13315,0105
12878,0;13200
12913,0;13379,98
12941,0;13206
12955,0;13212
12964,0;13221
12978,0;13299
12976,0;13299,47977
12931,0;13300,11
12923,0;13379,88
12917,0;13379,7
12977,0;13300,14
13000,0;13379,65
12999,0;13315
12966,0;13350
12990,0;13350
13004,0;13317,02
13009,0;13348,98
13009,0;13348,97
13009,0;13317
13011,0;13318
12987,0;13316,2
13000,0;13318,02
13028,0;13379,9
13033,0;13399,98
13050,0;13399,97999
13068,0;13399,97999
13069,0;13360,00014
13055,0;13500
13045,0;13500
13028,0;13495
13036,0;13494,98
13033,0;13500
13028,0;13457,12
13000,0;13458,1
12903,0;13500
12866,0;13445,01001
12946,0;13401,01
12950,0;13361
12947,0;13433
12982,0;13400
12999,0;13378
13003,0;13378,1
13030,0;13378,1
13043,47313007;13431,99
13040,0;13432,02
13025,0;13469
13013,0;13470
13038,75279237;13470
13037,0;13479
13061,0;13479
13083,0;13549,98
13095,0;13550
13100,0;13524,31269
13074,0;13549,9898
13071,0;13524,4
13049,0;13524,31269
13060,0;13549,9898
13060,0;13540,4
13047,0;13540,4
13029,0;13549,9898
13031,0;13540,4
13030,0;13378,09999
12970,0;13549
12949,0;13467,0288
13001,0;13500
12983,0;13439,98
12997,0;13440
13024,0;13444,98
13001,0;13444,98
13017,0;13445,02
13002,0;13496,97
13004,5303441;13496,99
13000,0;13498
12997,0;13495,98
12981,0;13464,34945
12948,0;13493
12966,0;13493
12970,0;13447
12995,0;13447
13007,0;13490
13008,0;13490,88
13000,0;13445,04
12991,0;13445,04
12995,0;13489,94
13008,0;13489,94
13034,0;13463,3102
13041,0;13490,89
13011,0;13490,89
13016,0;13489,96
13036,0;13460
13051,0;13421,5
13070,0;13486,99999
13083,0;13486,99999
13085,0;13489,9
13067,0;13489,9
13062,0;13482,90428
13080,0;13489,9
13053,0;13489,9
13084,0;13489,9
13082,0;13489,9
13072,0;13489,9
13062,0;13496,06
13084,0;13496,06
13092,0;13489,9
13098,0;13500
13121,0;13495
13128,0;13521,34
13150,0;13540,01
13158,0;13540,01
13154,0;13546,87
13149,0;13550
13150,0;13530,86
13141,0;13590
13160,0;13585
13175,0;13582,98
13168,0;13582,98
13187,0;13582,98
13188,0;13598
13193,0;13598,5
13197,0;13598,5
13209,0;13598,5
13216,0;13599,99999
13223,0;13599,99999
13246,0;13598,55
13262,0;13645,90665
13279,0;13677,98
13288,0;13677,98
13231,0;13649
13230,0;13677,97999
13279,0;13677,97999
13297,0;13678
13235,0;13673,5
13281,85018356;13610
13295,0;13697,97999
13294,0;13699
13259,0;13699
13287,0;13699
13290,0;13700
13324,0;13700,95
13345,0;13700,95
13389,0;13723
13373,0;13772
13388,0;13759,63
13406,0;13800,04
13410,0;13800,04
13371,0;13800,04
13395,0;13800,04
13415,0;13800,03
13467,0;13839,99
13450,0;13848,98
13401,0;13801
13451,0;13848,9
13469,0;13848,89
13467,0;13849,03
13453,0;13849,03
13430,0;13849,03
13470,0;13874,04
13475,0;13890
13475,0;13890
13480,0;13890
13485,0;13890
13493,0;13890
13499,0;13890
13527,0;13849,14
13559,0;13850
13500,16580186;13889,99
13546,0;13899,99
13598,0;13925,0551
13579,0;13939,1168
13520,0;13958,98
13337,0;13949
13277,0;13722,99999
13242,0;13900
13152,0;13750
13337,0;13800,02
13441,0;13600
13422,0;13849,97
13441,0;13850,00001
13439,0;13849,99001
13401,0;13800,01
13369,0;13800,01
13371,0;13800
13327,0;13800
13359,0;13799,98
13386,0;13799,98
13369,0;13727
13378,0;13725
13383,0;13700
13302,0;13700
13246,0;13600,51
13267,0;13700
13296,0;13700
13286,0;13700
13333,30184602;13610,01
13374,0;13656,01
13436,0;13700
13460,0;13680,63514
13453,74081063;13680,63514
13430,0;13724
13428,0;13799
13441,0;13799
13428,0;13798
13412,0;13799,97999
13396,0;13798
13424,0;13799,97999
13361,0;13799,97999
13377,0;13799,96999
13375,0;13798
13335,0;13799,96
13330,0;13750
13386,0;13750
13420,0;13719,4056
13422,0;13748,98
13436,0;13799,97999
13479,0;13799,97999
13520,0;13799,96999
13558,0;13799,97999
13568,0;13750,04
13587,0;13799,97999
13596,0;13959
13516,0;13799
13528,0;13799
13556,0;13802
13556,0;13957,99
13555,0;13957,99
13527,0;13957,99
13509,0;13850,01001
13534,0;13855,99
13566,0;13856,02
13598,0;13949
13592,0;13947,98
13644,0;13900,01
13660,0;13900,04
13638,0;13957,98999
13665,0;13900,22
13685,0;13957,98998
13698,0;13956,001
13700,0;13959
13700,0;14000
13729,0;14080
13700,0;14080,04
13690,0;14100
13744,0;14107
13750,0;14159
13760,0;14159
13714,0;14159
13735,0;14159
13763,0;14158,98
13775,0;14159
13769,0;14158,99
13778,0;14158,99015
13783,0;14159
13797,0;14159
13794,0;14267,98
13821,0;14293,72871
13828,0;14300
13801,0;14200,01
13766,0;14298
13726,0;14300
13790,0;14245,93951
13789,08067285;14291,99
13779,0;14300
13819,0;14292,00001
13819,0;14292,02
13787,0;14292,02001
13799,0;14300
13808,0;14400
13822,0;14443,98
13862,0;14443,98
13890,0;14389,31864
13899,0;14389,31864
13839,0;14389,33864
13870,0;14389,31864
13920,0;14389,31864
13942,0;14389,32864
13948,0;14389,32864
;14389,36
13980,0;14498,87
13969,82291674;14498,87
13983,0;14444
13928,0;14446,83856
13897,0;14480
13896,0;14480
13862,0;14479,99
13879,0;14480
13873,0;14466,425
13781,0;14420
13600,0;14413,1
13553,0;14413,1
13544,0;14405
13580,0;14400
13687,0;14300,2
13759,0;14398,99
13770,0;14399
13807,0;14310,00001
13817,59220579;14310,00001
13721,0;14300,2
13749,0;14310,00001
13763,0;14310,00001
13750,0;14310,00001
13813,0;14310,00001
13800,0;14310,00001
13800,0;14310,00001
13776,0;14310,00001
13799,0;14310,00001
13793,0;14299,98
13793,0;14262,6221
13790,0;14262,6221
13767,0;14300
13799,0;14300
13800,0;14300
13800,0;14216,01
13855,0;14309,98
13855,0;14309,98
13845,0;14213,02
13837,0;14398,9
13885,0;14398,88
13921,0;14345,7931
13948,0;14397
13949,0;14397
13983,0;14397
13874,23619126;14396,9
13920,0;14396
13880,0;14395,98
13914,0;14395,98
13852,0;14395,95
13839,0;14350
13832,0;14350
13841,0;14311,99003
13829,0;14312
13808,0;14395
13772,0;14315,98
13731,0;14316,98
13690,0;14316,98
13668,0;14316,98
13732,0;14316,98
13761,0;14388
13790,0;14317
13781,0;14386
13760,0;14336,2
13764,0;14333
13822,0;14303,8
13828,0;14331,79027
13838,0;14340,33265
13734,0;14339,31434
13813,0;14367,503
13785,0;14369
13755,0;14388
13799,0;14399,97999
13741,0;14399,97999
13690,0;14340,02001
13719,0;14340,03001
13719,0;14340,02
13720,0;14340,02
13720,0;14340,02
13692,0;14339,02
13720,0;14339
13609,0;14339
13500,0;14301
13489,0;14300,02
13480,0;14216,02
13483,0;14000
13559,0;14000,01
13524,0;14000,00001
13461,0;14000
13490,0;13915,9225
13470,0;13879
13378,0;13915,9325
13297,0;14000
13214,0;14000
13224,01044137;13800
13181,0;13800
13202,0;12874,99009
13377,0;12874,9939
13482,0;12874,9939
13495,0;13699,8
13488,0;13699,8
13499,0;13699,8
13518,0;13699,8
13577,0;13699,8
13549,0;13800
13550,0;13800
13588,0;13880
13551,0;13800
13571,0;13800,01
13564,0;13800,01
13500,0;13800,01001
13400,0;13814,228
13423,0;13833,996
13426,98472265;13833,996
13414,0;13870,99998
13448,0;13850
13494,0;13849
13499,0;13846,01
13506,0;13700,02
13525,0;13700,02
13534,0;13700,02
13497,0;13799,99
13493,0;13799,99
13489,0;13799,99
13482,0;13700
13527,0;13700
13520,0;14049,98
13559,0;14049,97
13587,0;14049,97
13612,0;14049,97
13659,0;14049,97
13679,0;13800,02
13711,0;14049,9
13727,0;14049,29
13750,0;14049,29
13772,0;14049,29
13852,0;13984,90484
13869,0;14039,99999
13795,0;14040
13819,0;14039,99
13777,0;14039,99
13760,0;14039,99
13766,0;14040
13753,0;14049
13777,0;14049,96
13790,0;14049,98
13800,0;14049,98
13792,0;13995,465
13798,0;13995,46501
13779,0;13995,46501
13778,0;14049,98
13704,0;14049,98
13744,0;14050,01008
13719,0;14050,1
13737,0;14199
13741,0;14199
13722,0;14199
13711,0;14143,29
13717,0;14143,29
13720,0;14199,98
13683,0;14212,77999
13675,0;14212,77999
13625,0;14212,77998
13645,0;14212,77998
13646,0;14212,77998
13696,0;14212,77998
13638,0;14212,77998
13652,0;14080
13710,0;14080
13695,0;14142,56
13724,0;14142,56
13737,0;14142,56
13725,0;14142,56
13724,0;14142,56
13699,0;14142,56
13705,0;14142,56
13657,0;14142,56
13664,0;14188,99999
13600,0;14189
13577,0;14147,17
13550,0;14110
13600,0;14110,01
13639,0;14152,925
13589,0;14126,13
13575,0;14132,544
13631,0;14133,2
13636,0;14150,98
13650,0;14108,98
13668,0;14150,98
13674,0;14150,96
13675,0;14300,01
13709,0;14299,98
13747,0;14100,03
13769,0;14100,03
13773,0;14101,01
13774,0;14101,01
13775,0;14101,05
13752,0;14103
13777,0;14200
13800,0;14200,00001
13800,0;14200,00001
13799,0;14200,00001
13814,0;14299,91
13832,0;14299,91
13850,0;14299,89
13853,0;14299,92
13781,0;14299,92
13794,0;14250
13774,0;14250
13799,0;14250,02
13809,0;14250,02
13825,0;14299,93
13869,0;14299,9
13850,0;14299,9
13849,0;14299,9
13849,0;14256
13850,0;14231,754
13850,0;14400
13848,0;14250,1
13825,0;14222,02
13827,0;14222,02
13826,0;14300
13835,0;14387,99001
13833,0;14291
13808,0;14291
13781,0;14291
13796,0;14340
13806,0;14405,9059
13840,0;14380
13880,0;14380
13859,0;14300,9
13870,0;14300,9
13888,0;14300,9
13888,0;14301,02
13895,0;14301,02
13910,0;14305,035
13948,0;14305,025
13948,0;14347,50824
13950,0;14377,95
13965,0;14377,95
13985,0;14400
13998,0;14351,41415
14072,0;14310,02
14050,0;14419,99
14076,0;14419,99
14075,0;14500,02
14087,0;14420,01
14117,0;14419,99
14114,0;14499,98999
14051,0;14421
14049,0;14421
14105,0;14421
14121,0;14421
14097,0;14421,00009
14112,0;14421,00009
14085,0;14421,00009
14095,0;14489,98
14036,0;14489,98
14019,0;14489,98
14011,0;14490
14035,0;14499,97
13951,0;14500
13856,0;14500
13854,0;14489
13849,90876882;14500,02
13932,0;14421,2
13949,0;14421,21
13977,0;14421,21
13998,0;14421,2
13982,0;14421,2
14046,0;14421,2
14019,0;14421,2
13949,0;14421
13965,0;14421,00009
13957,0;14421
13949,0;14421,2
13959,0;14421,2
13935,0;14421,2
13928,0;14421
13859,0;14421,01024
13866,0;14421,01024
13866,0;14421,01024
13893,0;14421,2
13922,0;14290
13936,0;14351,7193
13929,0;14330,91644
13938,0;14421,18
14000,0;14421,18
13952,0;14421,14
13956,0;14306,01
13974,0;14421,09
13980,0;14421,19
14010,0;14421,19
14017,0;14421,2
14003,0;14421,2
14012,0;14310,01
14011,0;14495,00024
14012,0;14310,24001
14013,0;14494,9
14020,0;14493,98
14029,0;14421,18
14036,0;14493,00008
14033,0;14492,99008
14034,0;14421,232
14033,0;14423,22203
14068,0;14492
14062,0;14422,04
14078,0;14422,04
14073,0;14430
14073,0;14425,12
14073,0;14425
14080,0;14425,12
14082,0;14491,91
14096,0;14491,89
14106,0;14491,86999
14136,0;14491,86999
14162,0;14491,83999
14163,0;14491,08
14126,0;14491,05
14147,0;14491,96
14150,0;14491,94999
14142,0;14431
14109,0;14431
14102,0;14489,07
14076,0;14496,3
14039,0;14499
14073,0;14506,36147
14079,0;14495
14080,0;14527,9
14073,0;14531,9
14039,0;14550
14035,0;14550
14040,0;14558,01992
14046,0;14599,95
14059,0;14599,95
14024,0;14599,95
14022,0;14599,95
14029,0;14535,05
13984,0;14535,05
13941,0;14555
13903,02677161;14555,01
13921,0;14399,97999
13957,0;14399,97999
13967,0;14449,0887
13971,0;14312,96
13978,0;14478
13982,0;14549,94
14001,0;14549,94
13990,0;14547,96
13990,0;14547,96
13988,0;14498
13979,0;14498
13954,0;14498
13927,79673532;14500
13882,0;14499,99
13845,23018963;14499,99
13865,0;14499,99
13892,0;14497,97
13868,0;14497,97
13862,0;14497,96
13851,0;14401,05
13837,0;14401,04
13837,0;14401,02
13858,0;14498
13898,0;14498
13928,0;14497,95
13921,0;14450,02
13910,0;14450
13937,0;14450
13966,0;14450
13939,0;14449,99
13968,0;14487,9
13977,0;14486,99
13997,0;14486,97
14008,00423684;14486,97
14022,0;14486,97
14046,0;14486,97
14033,0;14450,04
14028,0;14498
14089,0;14499
14064,0;14498,09
14055,0;14499
14023,0;14498,09
13989,0;14498,09
14015,0;14498,09
14018,0;14497,98
14022,0;14497,98
13972,0;14480,9
13976,0;14365,3
13998,0;14365,99
13965,0;14470,00001
13988,0;14470,00001
13940,0;14470,00001
13967,0;14470
13978,0;14450
14020,0;14468
14020,0;14468
14024,0;14468
14012,0;14468
14006,0;14468
14018,0;14468
13986,0;14459,18532
13980,87522897;14465,3
13972,0;14451,4
13953,0;14451,4
13960,0;14452
13983,0;14479
13989,0;14480,98
13992,0;14479
14014,0;14479
14033,0;14500
14043,0;14500
14051,0;14500
14050,0;14542,97
14100,0;14542,96
14101,0;14542,96
14114,0;14542,99
14161,0;14500,01
14175,0;14546,93
14205,0;14480,01
14210,0;14553
14141,29023202;14559
14150,0;14597,98
14175,0;14480,03
14165,0;14597,96
14152,0;14501,02
14156,0;14501
14156,0;14541,51
14158,0;14588
14185,0;14588
14210,0;14587,98
14216,0;14627,66
14221,0;14627,66
14229,0;14627,66
14248,0;14650
14249,0;14679,99999
14249,0;14700
14270,0;14760
14322,0;14800,5
14337,0;14794,99999
14317,0;14794,99999
14307,0;14949,97999
14348,0;14761
14344,28406664;14730
14393,0;14730
14362,0;14761
14350,0;14761,1
14375,0;14761,23
14363,0;14888
14358,0;14849,99
14375,90181206;14855
14393,0;14949,98
14397,0;14949,98
14393,0;14949,98
14396,0;14890,98009
14399,0;14949
14399,0;14950
14397,0;14950
14247,0;14945
14195,0;14849,98
14138,0;14944,94
14190,0;14850
14260,0;14849,99001
14280,0;14850
14276,0;14850
14288,0;14850
14283,0;14850
14299,0;14890
14285,0;14900
14213,0;14939,99
14230,0;14940
14266,0;14939
14300,0;14922,388
14293,0;14897,98
14298,0;14937
14238,0;14900
14262,0;14900,02
14259,0;14936,99
14192,0;14900,05
14216,0;14900,05
14223,0;14900,05
14217,0;14839,99999
14195,0;14839,99999
14156,0;14839,9
14151,0;14760,99999
14253,0;14730
14207,0;14900,08
14198,0;14730,1
14200,0;14889,5
14200,0;14888,99
14200,0;14888,99
14200,0;14815
14200,0;14857,99
14224,0;14707
14251,0;14855
14260,0;14855
14288,0;14839,9
14298,0;14909,98
14288,0;14845,5
14300,0;14845,00001
14300,0;14815,02
14300,0;14949,999
14300,0;14872,78099
14305,0;14821
14308,0;14950
14307,0;14909,99999
14356,0;14920
14360,0;14920
14355,0;14950
14359,0;14901
14359,0;14949,96
14357,0;14901,1
14273,0;14901,1
14300,0;14949,91
14310,0;14948,98
14337,0;14948,96
14331,0;14939,421
14336,0;14905,06
14339,0;14980
14325,0;14980
14338,0;14980
14338,0;14980
14340,0;14905,3
14343,0;14979,99
14357,0;14979,99
14370,0;14990
14379,0;14970,0496
14352,0;14989,98
14369,0;14989,97999
14358,0;14990
14379,0;14995,678
14380,0;14998,99
14403,0;15000
14400,0;15000
14399,0;15099,98
14399,0;15110,01
14389,0;15110,01
14400,0;15170
14396,0;15101
14405,0;15101
14394,0;15103,12
14394,0;15105,12
14396,0;15131,349
14400,0;15110,02
14298,03480183;15149,93998
14299,0;15149,93998
14327,0;15149,92997
14335,0;15110,051
14295,0;15106,14
14347,0;15110,051
14350,0;15227,98999
14356,0;15172,78099
14382,0;15172,80099
14420,0;15193,23
14445,0;15219,98
14418,0;15219,97
14444,0;15248
14452,0;15255
14464,0;15277
14441,0;15270
14405,0;15279,99999
14421,0;15279,99999
14440,0;15280
14456,0;15300
14402,86760328;15399,8
14436,0;15399,7
14446,0;15399,62
14469,0;15399,62
14495,0;15398,99
14525,0;15396,99999
14551,0;15342
14571,0;15397
14574,0;15357
14594,0;15355,97
14620,0;15348,92
14581,0;15377
14573,0;15377
14569,0;15315
14576,0;15376,98999
14620,0;15375,99
14615,0;15375
14635,0;15320,02
14643,0;15375
14615,0;15325
14598,0;15374,97
14596,0;15377
14620,0;15374,89
14639,0;15374,9
14659,0;15365,82157
14674,0;15374,9
14670,0;15374,9
14679,0;15374,9
14680,0;15300
14614,0;15317,02
14601,0;15315,01
14598,0;15342,60669
14620,0;15342,60669
14550,0;15374,87
14516,0;15350
14357,0;15261,5
14250,0;15275
13813,35589601;15275
14000,0;15172,78099
14160,0;15142,7809
14226,0;15140,01
14355,42582539;15030
14382,0;15100
14348,35534805;15135
14365,0;15030,00001
14346,0;15031
14239,0;15099,01
14235,0;15031,00001
14150,0;15055
14159,0;15098
14250,0;15090,01
14325,0;15055
14380,0;15031,00016
14297,68359378;15031,00016
14357,0;15085
14395,0;15098
14398,0;15031,00017
14374,0;15097,96
14399,0;15097,95
14429,0;15099,01
14395,0;15171,99998
14300,0;15185,00001
14303,0;15173
14302,0;15173
14307,0;15100
14239,0;15199,99999
14183,0;15110,00001
13944,0;15110,01001
14105,0;15110,00001
14193,0;15075
14213,0;15166,97999
14230,0;15075
14162,0;15075
14248,0;15075
14130,0;15000,02
14098,0;15050
;14880
13958,0;15000
13990,0;14985
13864,0;14848,77099
13801,57176711;14770,00002
13620,0;14650
13580,0;14516,00009
13738,0;14402
13869,0;14380,85768
14000,0;14482,15588
14000,0;14512,96
13969,0;14700
13929,0;14770,00001
13943,0;14750,00001
13998,0;14750,00001
14072,0;14700,02
14039,0;14595
14112,7225563;14639,63
14166,0;14500,00001
14217,0;14700
14170,0;14500,1
14119,0;14699,98
14137,0;14699,98
14157,0;14669,99
14154,0;14699
14169,0;14680,98
14200,0;14699
14188,0;14566,01
14158,0;14647,3002
14039,0;14571,03
14130,0;14571,03003
14103,0;14710
14155,07895357;14709,99
14184,0;14709,99
14195,0;14709,99
14233,0;14709,99
14240,0;14709,99
14216,0;14660,01
14233,0;14711,49
14287,0;14712,97
14390,0;14899
14396,0;14971,01
14420,0;15074,98999
14379,0;15010
14366,0;15074,98
14381,0;15194,97
14450,0;15194,97
14474,0;15077,21
14449,0;15189,99
14444,0;15106,0002
14432,0;15107
14450,0;15194,97
14426,0;15107,05
14413,0;15194,95
14350,0;15150,5
14403,0;15130,01
14325,0;15199,99
14311,0;15199,95
14315,0;15150
14362,0;15132
14339,0;15189
14330,0;15150,04
14358,0;15196,98
14390,0;15150,11
14394,0;15150,11
14389,0;15181,29
14399,0;15199,9
14414,0;15155,9002
14434,0;15231,96
14410,0;15160
14449,0;15150,02
14460,0;15150,03001
14526,0;15150,03001
14588,0;15150,03001
14600,0;15199
14595,0;15198,99
14599,0;15159,39854
14650,0;15159,39854
14704,0;15161,01
14800,0;15189
14824,0;15189
14797,31322178;15188,98999
14749,0;15189
14700,0;15400
14794,0;15449
14800,0;15450,12001
14766,0;15327,096
14784,0;15302
14762,0;15340
14770,0;15423,99
14804,0;15424
14726,6085317;15424
14720,0;15370
14662,0;15360
14615,0;15399
14564,0;15349,99999
14580,0;15339,64
14639,4060806;15389
14678,0;15348,98999
14625,0;15349,02
14667,0;15349,02
14644,0;15350
14627,0;15350
14650,0;15349,026
14699,0;15307
14651,0;15349,016
14594,0;15349,026
14579,58386504;15329,59
14558,0;15308,01
14583,0;15349,016
14581,0;15349,016
14571,0;15349,006
14581,0;15350
14614,0;15349
14621,0;15380
14740,0;15380
14709,0;15400
14747,0;15391,56
14759,0;15425
14781,0;15450,00001
14750,0;15480
14726,0;15499,91
14724,0;15450,1
14744,0;15450,11
14746,0;15499
14772,0;15499
14785,0;15480
14772,0;15450,00001
14776,0;15480
14819,0;15500
14837,0;15500
14849,0;15500
14843,0;15500,01001
14858,0;15500,01001
14880,0;15500,12
14918,0;15450,01001
14823,0;15450,01001
14796,0;15450
14874,0;15500
14900,0;15500,00001
14876,0;15500
14889,0;15500
14878,0;15500
14879,0;15500
14923,0;15500,12
14931,0;15500,12
14935,0;15512,017
14955,0;15512,017
14974,0;15600,12
14981,0;15600,12
14971,0;15600,1
14970,0;15600,10999
14976,0;15600,10999
14930,0;15511,14
14824,0;15512,12
14879,0;15570
14889,0;15494,28219
14887,0;15455,12
14906,0;15455,00008
14921,0;15600,12
14950,0;15600,12001
15031,0;15600,12
15062,0;15600,00001
15111,0;15600,00001
15083,0;15749
15086,0;15600,04004
15099,0;15600,04004
15100,0;15601,02
14919,0;15601,02
